cas_hmirc,ingredient_name_clean,ingredient_name,ingredient_name_display
7732-18-5,water,Water,Water
Not Available,cellulase enzyme solution,Cellulase Enzyme Solution,Cellulase Enzyme Solution
7727-54-0,ammonium persulfate,Ammonium Persulfate,Ammonium Persulfate
6055-52-3,1.6-hexanediamine. dihydrochloride,1.6-Hexandiamine. dihydrochloride,1.6-Hexanediamine. Dihydrochloride
10043-35-3,boric acid,Boric Acid,Boric Acid
141-43-5,monoethanolamine,Monoethanolamine,Monoethanolamine
64-17-5,ethanol,Ethanol,Ethanol
67-56-1,methanol,Methanol,Methanol
68647-72-3,citrus terpenes,Terpenes and Terpenoids. sweet orange-oil,Citrus Terpenes
124-38-9,carbon dioxide,CO2,Carbon Dioxide
14808-60-7,silica crystalline,silica crystalline,Silica Crystalline
107-21-1,ethylene glycol,ethylene glycol,Ethylene Glycol
67-48-1,choline chloride,choline chloride,Choline Chloride
64-18-6,formic acid,formic acid,Formic Acid
61789-40-0,cocamido propyl betaine,cocamidopropyl betaine,Cocamido Propyl Betaine
590-29-4,potassium formate,potassium formate,Potassium Formate
68130-15-4,carboxymethyl hydroxypropyl guar,carboxymethyl hydroxypropyl guar,Carboxymethyl Hydroxypropyl Guar
52-51-7,2-bromo-2-nitro.3-diol,bronopol. BPND,2-Bromo-2-Nitro.3-Diol
Trade Secret,non-hazardous ingredients,Non-Hazardous Ingredients,Non-Hazardous Ingredients
64-19-7,acetic acid,Acetic Acid,Acetic Acid
20786-60-1,boric acid. potassium salt,Boric Acid. Potassium Salt,Boric Acid. Potassium Salt
1333-73-9,boric acid. sodium salt,Boric Acid. Sodium Salt,Boric Acid. Sodium Salt
64742-47-8,distillates (petroleum). hydrotreated light,Distillates (petroleum). hydrotreated light,Distillates (Petroleum). Hydrotreated Light
11855,ethoxylated alcohols,Ethoxylated Alcohols,Ethoxylated Alcohols
11738,non-hazardous ingredients,Non-Hazardous Ingredients,Non-Hazardous Ingredients
7775-27-1,sodium persulfate,sodium persulfate,Sodium Persulfate
9004-32-4,carboxymethyl cellulose sodium salt,carboxymethyl cellulose sodium salt,Carboxymethyl Cellulose Sodium Salt
64742-48-9,naphtha (petroleum). hydrotreated heavy,naphtha (petroleum). hydrotreated heavy,Naphtha (Petroleum). Hydrotreated Heavy
95-63-6,1.2.4 trimethylbenzene (impurity),1.2.4-trimethylbenzene,1.2.4 Trimethylbenzene (Impurity)
124-18-5,decane,decane,Decane
64741-44-2,distillates (petroleum),distillates (petroleum). straight-run middle,Distillates (Petroleum)
112-40-3,dodecane,dodecane,Dodecane
544-76-3,hexadecane,hexadecane,Hexadecane
1309-48-4,magnesium oxide,magnesium oxide,Magnesium Oxide
110-54-3,n-hexane,n-hexane,N-Hexane
629-50-5,tridecane,tridecane,Tridecane
1120-21-4,undecane,undecane,Undecane
1330-20-7,xylene,xylene,Xylene
102-81-8,dibutylaminoethanol,2-dibutylaminoethanol,Dibutylaminoethanol
10028-22-5,ferric sulfate,ferric sulfate,Ferric Sulfate
57-55-6,propylene glycol,propylene glycol,Propylene Glycol
115120-49-5,phosphoric acid c8-16 alkylester,phosphoric acid C8-16 alkylester,Phosphoric Acid C8-16 Alkylester
7744,1.3-propanediaminium-2-substitued. -hexaalkyl-. di halide,1.3-propanediaminium-2-substitued. -hexaalkyl-. di halide,1.3-Propanediaminium-2-Substitued. -Hexaalkyl-. Di Halide
1319-33-1,borate salts,borate salts,Borate Salts
64742-46-7,distillates (petroleum). hydrotreated middle,distillates (petroleum). hydrotreated middle,Distillates (Petroleum). Hydrotreated Middle
7647-01-0,hydrochloric acid,hydrochloric acid,Hydrochloric Acid
7727-37-9,nitrogen,nitrogen,Nitrogen
111-30-8,glutaraldehyde,glutaraldehyde,Glutaraldehyde
7681-11-0,potassium iodide,potassium iodide,Potassium Iodide
38172-91-7,propargyl alcohol derivative,propargyl alcohol derivative,Propargyl Alcohol Derivative
18662-53-8,sodium nitrilo-triacetate. monohydrate,sodium nitrilo-triacetate. monohydrate,Sodium Nitrilo-Triacetate. Monohydrate
68609-68-7,1-hexanol. 2-ethyl-. manuf. of. by-products from. distn. residues,1-hexanol. 2-ethyl-. manuf. of. by-products from. distn. residues,1-Hexanol. 2-Ethyl-. Manuf. Of. By-Products From. Distn. Residues
26836-07-7,benzenesulfonic acid. dodecyl-. compd. with 2-aminoethanol,benzenesulfonic acid. dodecyl-. compd. with 2-aminoethanol,Benzenesulfonic Acid. Dodecyl-. Compd. With 2-Aminoethanol
9003-11-6,methyloxirane polymer with oxirane,methyloxirane polymer with oxirane,Methyloxirane Polymer With Oxirane
111-42-2,diethanolamine,diethanolamine,Diethanolamine
102-71-6,triethanolamine,triethanolamine,Triethanolamine
107-19-7,propargyl alcohol,propargyl alcohol,Propargyl Alcohol
6381-77-7,sodium erythorbate,sodium erythorbate,Sodium Erythorbate
68584-22-5,alkylbenzenesulfonic acid,alkylbenzenesulfonic acid,Alkylbenzenesulfonic Acid
36445-71-3,benzenesulfonic acid. decyl(sulfophenoxy)-. disodium salt,benzenesulfonic acid. decyl(sulfophenoxy)-. disodium salt,Benzenesulfonic Acid. Decyl(Sulfophenoxy)-. Disodium Salt
25265-71-8,dipropylene glycol,dipropylene glycol,Dipropylene Glycol
1344-28-1,aluminum oxide,Aluminum Oxide,Aluminum Oxide
1309-37-1,iron oxide,Iron Oxide,Iron Oxide
13463-67-7,titanium oxide,Titanium Oxide,Titanium Oxide
8141,refer to msds,Refer to MSDS,Refer To Msds
8251,refer to msds,Refer to MSDS,Refer To Msds
8252,refer to msds,Refer to MSDS,Refer To Msds
60-24-2,2-mercaptoethanol,2-Mercaptoethanol,2-Mercaptoethanol
7447-39-4,cupric chloride,Cupric Chloride,Cupric Chloride
107-98-2,1-methoxy-2-propanol,1-Methoxy-2-Propanol,1-Methoxy-2-Propanol
8008-20-6,kerosene,Kerosene,Kerosene
68334-30-5,fuels. diesel,Fuels. diesel,Fuels. Diesel
13127-82-7,ethoxylated oleyl amine,Ethoxylated oleyl amine,Ethoxylated Oleyl Amine
108-67-8,1.3.5-trimethyl benzene,1.3.5-Trimethyl benzene,1.3.5-Trimethyl Benzene
68439-45-2,ethoxylated alcohols. c6-c12,Ethoxylated alcohols. C6-C12,Ethoxylated Alcohols. C6-C12
67-63-0,isopropanol,Isopropanol,Isopropanol
64742-95-6,light aromatic solvent naphtha,Light aromatic solvent naphtha,Light Aromatic Solvent Naphtha
63428-92-2,oxyalkylated phenolic resin,Oxyalkylated phenolic resin,Oxyalkylated Phenolic Resin
26038-87-9,monoethanolamine borate,Monoethanolamine borate,Monoethanolamine Borate
9012-54-8,cellulase,Hemicellulase enzyme,Cellulase
64742-94-5,solvent naphtha (petroleum). heavy aromatic,Heavy aromatic petroleum naphtha,Solvent Naphtha (Petroleum). Heavy Aromatic
91-20-3,naphthalene,Naphthalene,Naphthalene
127087-87-0,poly(oxy-1.2-ethanediyl).alpha-(4-nonylphenyl)-omega-hydroxy-.branched,Poly(oxy-1.2-ethanediyl). alpha-(4-nonylphenyl)-omega-hydrox,Poly(Oxy-1.2-Ethanediyl).Alpha-(4-Nonylphenyl)-Omega-Hydroxy-.Branched
10222-01-2,2.2-dibromo-3-nitrilopropionamide,2.2-Dibromo-3-nitrilopropionamide,2.2-Dibromo-3-Nitrilopropionamide
3252-43-5,dibromoacetonitrile,Dibromoacetonitrile,Dibromoacetonitrile
7647-15-6,sodium bromide,Sodium bromide,Sodium Bromide
8933,hydroxyalkyl ammonium chloride,Hydroxyalkyl ammonium chloride,Hydroxyalkyl Ammonium Chloride
7647-14-5,sodium chloride,Sodium chloride,Sodium Chloride
9000-30-0,guar gum,Guar gum,Guar Gum
55566-30-8,tetrakis(hydroxymethyl)phosphonium sulfate,Tetrakis(Hydroxymethyl) Phosphonium Sulfate,Tetrakis(Hydroxymethyl)Phosphonium Sulfate
584-08-7,potassium carbonate,Potassium Carbonate,Potassium Carbonate
1310-58-3,potassium hydroxide,Potassium Hydroxide,Potassium Hydroxide
8042-47-5,low toxicity mineral oil,Low toxicity mineral oil,Low Toxicity Mineral Oil
104-76-7,2-ethylhexanol,2-ethyhexanol,2-Ethylhexanol
78330-19-5,ethoxylated alcohol. branched,EO-C7-9-iso. C8-rich alcohols ,Ethoxylated Alcohol. Branched
78330-20-8,alcohol. c9-11-iso. c10. ethoxylated,EO-C9-11-iso. C10-rich alcohols,Alcohol. C9-11-Iso. C10. Ethoxylated
25322-68-3,polyethylene glycol,Polyethylene glycol,Polyethylene Glycol
8454,organic acid,Organic acid ,Organic Acid
9033,borate salt #1,Borate Salt #1,Borate Salt #1
8794,amine salt,amine salt,Amine Salt
12125-02-9,ammonium chloride,ammonium chloride,Ammonium Chloride
147732-60-3,sodium hexyldiphenyl ether sulfonate,sodium hexyldiphenyl ether sulfonate,Sodium Hexyldiphenyl Ether Sulfonate
8540,aliphatic alcohol,aliphatic alcohol,Aliphatic Alcohol
84133-50-6,alcohols. c12-14-secondary. ethoxylated,alcohols. C12-14-secondary. ethoxylated,Alcohols. C12-14-Secondary. Ethoxylated
68607-28-3,oxydiethylenebis(alkyldimethyl ammonium chloride),oxydiethylenebis(alkyldimethyl ammonium chloride),Oxydiethylenebis(Alkyldimethyl Ammonium Chloride)
104-55-2,cinnamaldehyde,2-propenal. 3-phenyl,Cinnamaldehyde
9063-87-0,cured acrylic resin,Cured Acrylic Resin,Cured Acrylic Resin
77-92-9,citric acid,Citric Acid. Anhydrous,Citric Acid
124-28-7,n.n.n-dimethyl-1-octadecanamine,N.N.N-dimethyl-1-octadecanamine,N.N.N-Dimethyl-1-Octadecanamine
112-03-8,trimethyloctadecylammonium chloride,N.N.N-trimethyl-1-octadecaminium chloride,Trimethyloctadecylammonium Chloride
7947,organic salt,organic salt,Organic Salt
98-00-0,furfuryl alcohol,Furfuryl Alcohol,Furfuryl Alcohol
8693,fatty amine,Fatty amine ,Fatty Amine
110-17-8,fumaric acid,fumaric acid,Fumaric Acid
64742-96-7,solvent naphtha (petroleum). heavy aliphatic,solvent naphtha (petroleum). heavy aliphatic,Solvent Naphtha (Petroleum). Heavy Aliphatic
8456,organic acid,Organic acid ,Organic Acid
71-23-8,1-propanol,1-Propanol,1-Propanol
8294,zirconium complex,Zirconium complex,Zirconium Complex
1300-72-7,sodium xylenesulfonate,Sodium Xylene Sulphonate,Sodium Xylenesulfonate
124-04-9,adipic acid,Adipic Acid,Adipic Acid
78330-21-9,alcohol. c11-14. ethoxylated,Alcohols. C11-14-iso-. C13-rich. ethoxylated,Alcohol. C11-14. Ethoxylated
69418-26-4,ethanaminium n.n.n-trimethyl-2-[(1-oxo-2-propenyl)oxy]-.chloride. polymer with 2-propenamide,Ethanaminium N.N.N-trimethyl-2-[(1-oxo-2-propenyl)oxy]-.chloride. polymer with 2-propenamide,Ethanaminium N.N.N-Trimethyl-2-[(1-Oxo-2-Propenyl)Oxy]-.Chloride. Polymer With 2-Propenamide
61791-64-8,amines. n-coco alkyltrimethylenedi-. acetates,Amines. N-coco alkyltrimethylenedi-. acetates,Amines. N-Coco Alkyltrimethylenedi-. Acetates
7447-40-7,potassium chloride,Potassium Chloride,Potassium Chloride
64742-55-8,hydrotreated light paraffinic distillate,Hydrotreated light paraffinic distillate,Hydrotreated Light Paraffinic Distillate
111-40-0,diethylenetriamine,Diethylenetriamine,Diethylenetriamine
8300,isobutyl ketone,Ethoxylated alcohols,Isobutyl Ketone
26062-79-3,2-propen-1-aminium. n.n-dimethyl-n-2-propen-1-yl-. chloride,poly(N.N-diallyl-N.N-dimethylammonium chloride),2-Propen-1-Aminium. N.N-Dimethyl-N-2-Propen-1-Yl-. Chloride
9004-62-0,hydroxyethyl cellulose,hydroxyethyl cellulose,Hydroxyethyl Cellulose
8459,alkyl phenyl ehoxylate,Alkyl Phenyl Ehoxylate ,Alkyl Phenyl Ehoxylate
66402-68-4,ceramic materials and wares. chemicals,Ceramic materials and wares. chemicals,Ceramic Materials And Wares. Chemicals
2682-20-4,2-methyl-2h-isothiazol-3-one,2-methyl-2h-isothiazol-3-one,2-Methyl-2H-Isothiazol-3-One
26172-55-4,5-chloro-2-methyl-2h-isothiazolol-3-one,5-chloro-2-methyl-2h-isothiazolol-3-one,5-Chloro-2-Methyl-2H-Isothiazolol-3-One
9043-30-5,poly(oxy-1.2-ethanediyl). alphaisotridecyl-omega-hydroxy-,C13 alcohol ethoxylate,Poly(Oxy-1.2-Ethanediyl). Alphaisotridecyl-Omega-Hydroxy-
14464-46-1,cristobalite,Cristobalite,Cristobalite
91053-39-3,diatomaceous earth; calcined,Diatomaceous earth. calcined,Diatomaceous Earth; Calcined
61789-77-3,dicoco dimethyl quaternary ammonium chloride,Dicoco dimethyl quaternary ammonium chloride,Dicoco Dimethyl Quaternary Ammonium Chloride
68953-58-2,dihydrogenated tallow dimethyl ammonium bentonite,Dihydrogenated tallow dimethyl ammonium bentonite,Dihydrogenated Tallow Dimethyl Ammonium Bentonite
56-81-5,glycerol,Glycerol,Glycerol
7786-30-3,magnesium chloride,Magnesium chloride,Magnesium Chloride
10377-60-3,magnesium nitrate,Magnesium nitrate,Magnesium Nitrate
14807-96-6,magnesium silicate hydrate (talc),Magnesium silicate hydrate (talc),Magnesium Silicate Hydrate (Talc)
31726-34-8,polyethylene glycol monohexyl ether,Polyethylene glycol monohexyl ether,Polyethylene Glycol Monohexyl Ether
1332-77-0,potassium borate,Potassium borate,Potassium Borate
34590-94-8,dipropylene glycol monomethyl ether,Propanol. (2-methoxymethylethoxy)-,Dipropylene Glycol Monomethyl Ether
108-32-7,1.2 propanediol carbonate,Propylene Carbonate,1.2 Propanediol Carbonate
25038-72-6,vinylidene chloride/methylacrylate copolymer,Vinylidene chloride/methylacrylate copolymer,Vinylidene Chloride/Methylacrylate Copolymer
9171,polyol,Polyol,Polyol
1302-93-8,mullite,Mullite,Mullite
7631-86-9,non-crystalline silica (impurity),Silicon Dioxide. amorphous as glass,Non-Crystalline Silica (Impurity)
9025-56-3,hemicellulase enzyme concentrate,Hemicellulase enzyme concentrate,Hemicellulase Enzyme Concentrate
57-50-1,sucrose,Sucrose,Sucrose
7727-21-1,potassium persulfate,Potassium Persulfate,Potassium Persulfate
7775-19-1,sodium borate,Sodium borate,Sodium Borate
1310-73-2,sodium hydroxide,Sodium hydroxide,Sodium Hydroxide
556-67-2,octamethylcyclotetrasiloxane,Octamethylcyclotetrasiloxane,Octamethylcyclotetrasiloxane
126-73-8,tributyl phosphate,Tributyl phosphate,Tributyl Phosphate
90-82-4,amine derivative,Amine derivative,Amine Derivative
9014,non-hazardous,Non-hazardous,Non-Hazardous
10039-56-2,sodium hypophosphite,Sodium hypophosphite,Sodium Hypophosphite
7758-99-8,cupric sulphate. pentahydrate,Cupric sulphate. pentahydrate,Cupric Sulphate. Pentahydrate
68131-39-5,alcohols. c12-15. ethoxylated,Alcohols. C12-15. ethoxylated,Alcohols. C12-15. Ethoxylated
68513-87-1,tar bases. quinoline derives,Tar bases. quinoline derivs.,Tar Bases. Quinoline Derives
72480-70-7,tar bases. quinoline derives.. benzyl chloride-quaternized,Tar bases. quinolone derivs.. benzyl chloride-quarternized,Tar Bases. Quinoline Derives.. Benzyl Chloride-Quaternized
9003-35-4,phenolic resin,Phenol-Formaldehyde Novolak Resin,Phenolic Resin
9004-77-7,polyethylene glycol monobutyl ether,polyethylene glycol monobutyl ether,Polyethylene Glycol Monobutyl Ether
68131-40-8,surfactant,Surfactant,Surfactant
1613-17-8,n.n-dimethyloctadecylamine hydrochloride,N.N-Dimethyloctadecylamine hydrochloride,N.N-Dimethyloctadecylamine Hydrochloride
111-76-2,2-butoxyethanol,2-Butoxyethanol,2-Butoxyethanol
32612-48-9,eo-dodecyl alcohol,EO-Dodecyl Alcohol,Eo-Dodecyl Alcohol
68439-57-6,sulfonate. alkyl (c14-16)olefin. sodium salt,Sodium C14 to C16 Olefin Sulphonate,Sulfonate. Alkyl (C14-16)Olefin. Sodium Salt
68439-46-3,alcohol. c9-c11. ethoxylated,Alcohols. C9 to C11. Ethoxylated,Alcohol. C9-C11. Ethoxylated
34398-01-1,poly(oxy-1.2-ethanediyl). alpha-undecyl-omega-hydroxy-,Ethoxylated Alcohol,Poly(Oxy-1.2-Ethanediyl). Alpha-Undecyl-Omega-Hydroxy-
64742-53-6,distillates (petroleum). hydrotreated light naphthenic,distillates (petroleum). hydrotreated light naphthenic,Distillates (Petroleum). Hydrotreated Light Naphthenic
8462,fatty acids,Fatty acids ,Fatty Acids
61789-39-7,1-propanaminium; 3-amino-n-(carboxymethyl)-n;n-dimethyl-; n-,1-Propanaminium; 3-amino-N-(carboxymethyl)-N;N-dimethyl-; N-,1-Propanaminium; 3-Amino-N-(Carboxymethyl)-N;N-Dimethyl-; N-
9004-96-0,ethoxylated oleic acid,Ethoxylated oleic acid,Ethoxylated Oleic Acid
69012-64-2,fumed silica,Fumed silica,Fumed Silica
39421-75-5,hydroxypropyl guar,Hydroxypropyl guar,Hydroxypropyl Guar
27103-90-8,poly(dimethylaminoethylmethylacrylate) dimethyl sulphate qua,Poly(dimethylaminoethylmethylacrylate) dimethyl sulphate qua,Poly(Dimethylaminoethylmethylacrylate) Dimethyl Sulphate Qua
9002-84-0,poly(tetrafluoroethylene),poly(tetrafluoroethylene),Poly(Tetrafluoroethylene)
25213-24-5,acetic acid ethenyl ester; polymer with ethenol,Acetic acid ethenyl ester; polymer with ethenol,Acetic Acid Ethenyl Ester; Polymer With Ethenol
25704-18-1,benzenesulfonic acid. 4-ethenyl-. sodium salt. homopolymer,Benzenesulfonic acid; 4-ethenyl-; sodium salt; homopolymer,Benzenesulfonic Acid. 4-Ethenyl-. Sodium Salt. Homopolymer
149879-98-1,erucic amidopropyl dimethyl betaine,Erucic amidopropyl dimethyl betaine,Erucic Amidopropyl Dimethyl Betaine
304443-60-5,polyvinyl acetate. partially hydrolyzed,Polyvinyl acetate; partially hydrolyzed,Polyvinyl Acetate. Partially Hydrolyzed
3926-62-3,sodium chloroacetate,Sodium chloroacetate,Sodium Chloroacetate
37337-65-8,phenolic resin,Phenolic Resin,Phenolic Resin
51811-79-1,2-(2-nonylyhenoxy)ethanol-phosphoric acid,2-(2-nonylyhenoxy)ethanol-phosphoric acid,2-(2-Nonylyhenoxy)Ethanol-Phosphoric Acid
68412-54-4,ethoxylated nonylphenol,Branched-nonylphenol ethoxylate,Ethoxylated Nonylphenol
7664-38-2,phosphoric acid,Phosphoric acid,Phosphoric Acid
11745,alkyl sulfonic acid,Alkyl Sulfonic Acid,Alkyl Sulfonic Acid
7664-93-9,sulfuric acid,Sulfuric acid,Sulfuric Acid
16547-58-3,sulfuric acid. iron(2+) salt (1:?),Sulfuric acid. iron(2+) salt (1:?),Sulfuric Acid. Iron(2+) Salt (1:?)
8842,fatty amine #1,Fatty Amine #1,Fatty Amine #1
112-30-1,1-decanol,1-Decanol,1-Decanol
111-87-5,1-octanol,1-Octanol,1-Octanol
68412-60-2,phosphoric acid. mixed decyl and et and octyl esters,Phosphoric acid. mixed decyl and Et and octyl esters,Phosphoric Acid. Mixed Decyl And Et And Octyl Esters
64366-70-7,2-ethylhexanol po/eo polymer,2-Ethylhexanol PO/EO polymer,2-Ethylhexanol Po/Eo Polymer
68909-18-2,alkylpyridine quat,Alkylpyridine Quat,Alkylpyridine Quat
93-83-4,9-octadecenamide.n. n-bis(2-hydroxyethyl)-. (z),9-Octadecenamide.N. N-bis(2-hydroxyethyl)-. (Z),9-Octadecenamide.N. N-Bis(2-Hydroxyethyl)-. (Z)
68551-12-2,alcohols. c12-16. ethoxylated,Alcohols. C12-16. ethoxylated. liquids,Alcohols. C12-16. Ethoxylated
5064-31-3,nitrilotriacetic acid trisodium salt (impurity),Trisodium nitriloacetate,Nitrilotriacetic Acid Trisodium Salt (Impurity)
5131-66-8,1-butoxy-2-propanol,Glycol Ether,1-Butoxy-2-Propanol
10352,aminofunctional polymer,aminofunctional polymer,Aminofunctional Polymer
68424-85-1,quaternary ammonium compounds. benzyl-c12-16-alkyldimethyl. chlorides,n-Akyl Dimethyl Benzyl Ammonium Chloride,Quaternary Ammonium Compounds. Benzyl-C12-16-Alkyldimethyl. Chlorides
631-61-8,ammonium acetate,Ammonium acetate,Ammonium Acetate
100-41-4,ethylbenzene,ethylbenzene,Ethylbenzene
30704-64-4,oxyalkylated alkylphenolic resin,oxyalkylated alkylphenolic resin,Oxyalkylated Alkylphenolic Resin
68036-92-0,polyglycol diepoxide,polyglycol diepoxide,Polyglycol Diepoxide
68036-95-3,polyglycol diepoxide,polyglycol diepoxide,Polyglycol Diepoxide
8458,alkyl amine,Alkyl Amine ,Alkyl Amine
107-41-5,hexylene glycol,2.4-Pentanediol. 2-methyl-,Hexylene Glycol
68603-42-9,fatty acid alkanolamide,Amides. coco. N.N-bis(hydroxyethyl),Fatty Acid Alkanolamide
68891-29-2,ammonium alkyl ether sulfate,Ammonium Alkyl Ether Sulfate,Ammonium Alkyl Ether Sulfate
138879-94-4,complex polyamine salt,Complex polyamine salt,Complex Polyamine Salt
127-08-2,acetic acid. potassium salt,Acetic acid. potassium salt,Acetic Acid. Potassium Salt
122-18-9,benzenemethanaminium. n-hexadecyln.n dimethyl-.chloride,Benzyldimethylammonium chloride,Benzenemethanaminium. N-Hexadecyln.N Dimethyl-.Chloride
139-07-1,benzyllauryldimethylammonium chloride,Benzyllauryldimethylammonium chloride,Benzyllauryldimethylammonium Chloride
139-08-2,benzenemethanaminium. n.n-dimethyl-n tetradecyl-. chloride,Dimethylbenzylmyristylammonium chloride,Benzenemethanaminium. N.N-Dimethyl-N Tetradecyl-. Chloride
30846-35-6,ethoxylated propoxylated 4-nonylphenol-formaldehyde resin,Ethoxylated propoxylated 4-nonylphenol-formaldehyde resin,Ethoxylated Propoxylated 4-Nonylphenol-Formaldehyde Resin
143-18-0,potassium oleate,Potassium oleate,Potassium Oleate
68989-00-4,quaternary ammonium compounds chlorides derivatives,Quaternary ammonium compounds chlorides derivatives,Quaternary Ammonium Compounds Chlorides Derivatives
71060-57-6,alcohols. c8-c10 ethoxylated,Alcohols. C8-C10 ethoxylated,Alcohols. C8-C10 Ethoxylated
61788-62-3,amines. dicoco alkylmethyl,Amines. dicoco alkylmethyl,Amines. Dicoco Alkylmethyl
9004-53-9,dextrin,Dextrin,Dextrin
63-42-3,lactose,Lactose,Lactose
9050-36-6,maltodextrin,Maltodextrin,Maltodextrin
75-07-0,acetaldehyde,Acetaldehyde,Acetaldehyde
71-36-3,butan-1-ol,Butan-1-ol,Butan-1-Ol
61790-53-2,diatomaceous earth,Diatomaceous earth,Diatomaceous Earth
127036-24-2,linear/branched c11 alcohol ethoxylate (3 eo),Poly(oxy-1.2-ethanediyl). .alpha.-undecyl-.omega.-hydroxy-. ,Linear/Branched C11 Alcohol Ethoxylate (3 Eo)
2836-32-0,sodium glycolate (impurity),Sodium Glycolate (impurity),Sodium Glycolate (Impurity)
128973-77-3,undecanol. branched and linear (impurity),Undecanol. branched and linear (impurity),Undecanol. Branched And Linear (Impurity)
15827-60-8,organophosphonate,Organophosphonate,Organophosphonate
100-97-0,hexamethylenetetramine,may also contain hexamethylenetetramine,Hexamethylenetetramine
66455-17-2,alcohols. c-9 to c-11,Alcohols. C-9 to C-11,Alcohols. C-9 To C-11
52624-57-4,trimethylopropane ethoxylated,Trimethylopropane ethoxylated,Trimethylopropane Ethoxylated
139-13-9,nitrilotriacetic acid,Nitrilotriacetic Acid,Nitrilotriacetic Acid
56633-27-3,ethanol. 2-amino-sulfate (salt),Ethanol. 2-amino-sulfate (salt),Ethanol. 2-Amino-Sulfate (Salt)
1310-45-8,iron hydroxide sulfate (fe4(oh)2(so4)5),Iron hydroxide sulfate (Fe4(OH)2(SO4)5),Iron Hydroxide Sulfate (Fe4(Oh)2(So4)5)
9292,organic salt,organic salt,Organic Salt
50-00-0,formaldehyde (impurity),Formaldehyde,Formaldehyde (Impurity)
124-09-4,1.6-hexanediamine,1.6-Hexanediamine,1.6-Hexanediamine
9003-05-8,polyacrylamide,Polyacrylamide,Polyacrylamide
85536-14-7,dodcylbenzenesulfonic acid,Dodcylbenzenesulfonic Acid,Dodcylbenzenesulfonic Acid
112-88-9,octadec-1-ene,1-Octadecene (C18),Octadec-1-Ene
68951-67-7,polyoxyalkylenes,Alcohols. C14-15. ethoxylated (7EO),Polyoxyalkylenes
61790-12-3,fatty acids. tall-oil,Fatty acids. tall-oil,Fatty Acids. Tall-Oil
139-89-9,glycine. n-[2-[bis(carboxymethyl)amino]ethyl]-n-(2-hydroxyet,Glycine. n-[2-[bis(carboxymethyl)amino]ethyl]-n-(2-hydroxyet,Glycine. N-[2-[Bis(Carboxymethyl)Amino]Ethyl]-N-(2-Hydroxyet
629-73-2,hexadec-1-ene,Hexadec-1-ene,Hexadec-1-Ene
68527-49-1,thiourea. polymer with formaldehyde and 1-phenylethanone,Thiourea. polymer with formaldehyde and 1-phenylethanone,Thiourea. Polymer With Formaldehyde And 1-Phenylethanone
61790-63-4,fatty acids. coco. compds. with diethanolamine,fatty acids. coco. compds. with diethanolamine,Fatty Acids. Coco. Compds. With Diethanolamine
68425-57-0,phosphoric acid. mixed decyl and octyl esters. compds. with diethanolamine,phosphoric acid. mixed decyl and octyl esters. compds. with diethanolamine,Phosphoric Acid. Mixed Decyl And Octyl Esters. Compds. With Diethanolamine
64742-81-0,oil,Hydrodesulfurized Kerosine,Oil
27176-87-0,dodecylbenzene sulfonic acid,Dodecylbenzene sulfonic acid,Dodecylbenzene Sulfonic Acid
5870,alkyl esters,Alkyl Esters,Alkyl Esters
5871,alkyl amine blend in a metal salt solution,Alkyl Amine Blend in a Metal Salt Solution,Alkyl Amine Blend In A Metal Salt Solution
8948,ethanolamine,Ethanolamine,Ethanolamine
9082-00-2,propanetriol polymer with propylene oxide-ethylene oxide,Propanetriol polymer with propylene oxide-ethylene oxide,Propanetriol Polymer With Propylene Oxide-Ethylene Oxide
25987-30-8,anionic polyacrylamide copolymer,2-Propenoic acid. polymer with 2-propenamide. sodium salt,Anionic Polyacrylamide Copolymer
79-06-1,2-propenamid (impurity),Acrylamide (residual),2-Propenamid (Impurity)
126-96-5,sodium acetate,Sodium acetate,Sodium Acetate
1338-43-8,sorbitan monooleate,Sorbitan monooleale,Sorbitan Monooleate
9005-65-6,sorbitan monooleate. ethoxylated,Sorbitan monooleate. ethoxylated,Sorbitan Monooleate. Ethoxylated
119345-03-8,1.1' - oxybisbenzene. tetrapropylene dervis. sulfonated,1.1' - Oxybisbenzene. tetrapropylene dervis. sulfonated,1.1' - Oxybisbenzene. Tetrapropylene Dervis. Sulfonated
9041-33-2,polyalkylene oxide,Polyalkylene Oxide,Polyalkylene Oxide
6419-19-8,aminotrimethylene phosphonic acid,Amino tri (methylene phosphonic acid),Aminotrimethylene Phosphonic Acid
10294-56-1,phosphorous acid,Phosphorous acid,Phosphorous Acid
68139-30-0,cocoamidopropylhydroxysultaine,Cocoamidopropylhydroxysultaine,Cocoamidopropylhydroxysultaine
7722-84-1,hydrogen peroxide,Hydrogen peroxide,Hydrogen Peroxide
8826,refer to msds,Refer to MSDS,Refer To Msds
110224-99-2,phosphinocarboxylic acid copolymer,Phosphinocarboxylic acid copolymer,Phosphinocarboxylic Acid Copolymer
9789,fatty amide derivative,Fatty amide derivative,Fatty Amide Derivative
68551-13-3,alcohols c12-c15. ethoxylated propoxylated,alcohols C12-C15. ethoxylated propoxylated,Alcohols C12-C15. Ethoxylated Propoxylated
64742-52-5,distillates (petroleum). hydrotreated heavy naphthenic,distillates (petroleum). hydrotreated heavy naphthenic,Distillates (Petroleum). Hydrotreated Heavy Naphthenic
68649-29-6,oxirane polymer. mono-c10-16-alkyl ethers. phosphates,Oxirane polymer. mono-C10-16-alkyl ethers. phosphates,Oxirane Polymer. Mono-C10-16-Alkyl Ethers. Phosphates
67-64-1,acetone,acetone,Acetone
7939,fatty acids,fatty acids,Fatty Acids
9016-45-9,polyethylene glycol nonylphenyl ether. liquids,polyethylene glycol nonylphenyl ether. liquids,Polyethylene Glycol Nonylphenyl Ether. Liquids
7173-51-5,didecyl dimethyl ammonium chloride,Didecyl dimethyl ammonium chloride,Didecyl Dimethyl Ammonium Chloride
55636-09-4,2-hydroxytrimethylene.bis(trimethylammonium) dichloride,2-hydroxytrimethylene.bis(trimethylammonium) dichloride,2-Hydroxytrimethylene.Bis(Trimethylammonium) Dichloride
10043-52-4,calcium chloride,Calcium chloride,Calcium Chloride
2809-21-4,organic phosphonate,Organic phosphonate,Organic Phosphonate
13598-36-2,phosphonic acid,Phosphonic acid,Phosphonic Acid
111-41-1,aminoethyl ethanolamine,aminoethyl ethanolamine,Aminoethyl Ethanolamine
95-38-5,imidazoline,imidazoline,Imidazoline
27215-10-7,diisoctyl acid phophate,diisoctyl acid phophate,Diisoctyl Acid Phophate
64742-88-7,solvent naphtha (petroleum). medium aliphatic,solvent naphtha (petroleum). medium aliphatic,Solvent Naphtha (Petroleum). Medium Aliphatic
8293,borate salt,Borate salt,Borate Salt
197980-53-3,zirconium complex,Alkanolamine chelate of zirconium alkoxide,Zirconium Complex
70851-07-9,amides. coco. n-[3-(dimethylamino)propyl]. alkylation products with chloroacetic acid. sodium salts,Amides. coco. N-[3-(dimethylamino)propyl]. alkylation products with chloroacetic acid. sodium salts,Amides. Coco. N-[3-(Dimethylamino)Propyl]. Alkylation Products With Chloroacetic Acid. Sodium Salts
99734-09-5,poly(oxy-1.2-ethanediyl). alpha-[tris(1-phenylethyl)phenyl]- omega -hydroxy-,Poly(oxy-1.2-ethanediyl). alpha-[tris(1-phenylethyl)phenyl]- omega -hydroxy-,Poly(Oxy-1.2-Ethanediyl). Alpha-[Tris(1-Phenylethyl)Phenyl]- Omega -Hydroxy-
1336-21-6,ammonium hydroxide,Ammonium hydroxide,Ammonium Hydroxide
7758-89-6,copper(i) chloride,Copper(I) chloride,Copper(I) Chloride
1892-29-1,ethanol. 2.2'-dithiodi,Ethanol. 2.2'-dithiodi,Ethanol. 2.2'-Dithiodi
1113-55-9,2-monobromo-3-nitrilopropionamide,2-Monobromo-3-nitrilopropionamide,2-Monobromo-3-Nitrilopropionamide
506-89-8,carbamide hydrochloride,urea. monohydrochloride,Carbamide Hydrochloride
9393,propargyl alcohol derivative,propargyl alcohol derivative ,Propargyl Alcohol Derivative
12179-04-3,sodium tetraborate pentahydrate,Sodium tetraborate pentahydrate,Sodium Tetraborate Pentahydrate
6896,terpene,Alcohol,Terpene
8725,fatty amine i,Fatty amine I ,Fatty Amine I
8012-95-1,mineral oil,Mineral Oil,Mineral Oil
15214-89-8,sodium 2-acryloylamino-2-methyl-1-propanesulfonic,Sodium 2-Acryloylamino-2-methyl-1-propanesulfonic,Sodium 2-Acryloylamino-2-Methyl-1-Propanesulfonic
7446-81-3,sodium acrylate,Sodium Acrylate,Sodium Acrylate
78-40-0,triethyl phosphate,triethyl phosphate,Triethyl Phosphate
112-34-5,diethylene glycol monobutyl ether,diethylene glycol monobutyl ether,Diethylene Glycol Monobutyl Ether
8827,fatty quanternized amine 1,Fatty Quanternized Amine 1,Fatty Quanternized Amine 1
9052-95-3,copolymer of styrene divinylbenzene,Copolymer of styrene divinylbenzene,Copolymer Of Styrene Divinylbenzene
100-42-5,styrene monomer,Styrene Monomer,Styrene Monomer
8457,organic acid,Organic acid ,Organic Acid
13709-94-9,potassium metaborate,Potassium metaborate,Potassium Metaborate
64743-02-8,olefin,Olefin,Olefin
533-74-4,dazomet* tetrahydro-3.5-dimethyl-2h-1.3.5-thiadiazine-2-thione,DAZOMET* Tetrahydro-3.5-dimethyl-2H-1.3.5-thiadiazine-2-thione,Dazomet* Tetrahydro-3.5-Dimethyl-2H-1.3.5-Thiadiazine-2-Thione
1303-96-4,sodium tetraborate,Sodium tetraborate,Sodium Tetraborate
68002-97-1,alcohols. c10-16. ethoxylated,Alcohols. ethoxylated,Alcohols. C10-16. Ethoxylated
68439-50-9,alcohols. c12-14. ethoxylated,Alcohols. ethoxylated,Alcohols. C12-14. Ethoxylated
8002-05-9,crude oil,Oil,Crude Oil
68037-01-4,1-decene. homopolymer. hydrogenated,1-Decene. homopolymer. hydrogenated,1-Decene. Homopolymer. Hydrogenated
26952-21-6,isooctyl alcohol,Isooctyl alcohol,Isooctyl Alcohol
9051-89-2,polylactide resin,Polylactide resin,Polylactide Resin
68130-47-2,ethoxylated alcohols phosphate ester,Ethoxylated alcohols phosphate ester,Ethoxylated Alcohols Phosphate Ester
64741-67-9,residues (petroleum). catalytic reformer fractionator,Residues (petroleum). catalytic reformer fractionator,Residues (Petroleum). Catalytic Reformer Fractionator
8124,refer to msds,Refer to MSDS,Refer To Msds
61789-85-3,sulfonic acids (petroleum),Sulfonic Acids (Petroleum),Sulfonic Acids (Petroleum)
108-88-3,toluene,Benzene. methyl-,Toluene
64741-41-9,naphtha (petroleum). heavy straight-run,Naphtha (petroleum). heavy straight run,Naphtha (Petroleum). Heavy Straight-Run
111-84-2,nonane,Nonane,Nonane
111-65-9,octane,Octane,Octane
25265-78-5,benzene. tetrapolymer,Benzene. tetrapolymer,Benzene. Tetrapolymer
68477-31-6,distillates (petroleum). catalytic reformer fractionator residue. low boiling,Distillates (Petroleum). Catalytic Reformer Fractionator Residue. Low Boiling,Distillates (Petroleum). Catalytic Reformer Fractionator Residue. Low Boiling
142-82-5,heptane,heptane,Heptane
108-87-2,methylcyclohexane,methylcyclohexane,Methylcyclohexane
9231,fatty acids,fatty acids,Fatty Acids
7664-41-7,ammonia,ammonia,Ammonia
10125-13-0,cupric chloride dihydrate,cupric chloride dihydrate,Cupric Chloride Dihydrate
147732-59-0,sulphonic acid. alkyl aryl derivative,Sulphonic acid. alkyl aryl derivative,Sulphonic Acid. Alkyl Aryl Derivative
7772-99-8,stannous chloride,stannous chloride,Stannous Chloride
9589,amine,amine,Amine
75-91-2,tert-butyl hydroperoxide,tert-Butyl hydroperoxide,Tert-Butyl Hydroperoxide
38193-60-1,acrylamide. 2-acrylamido-2-methylpropanesulfonic acid. sodiu,Acrylamide; 2-acrylamido-2-methylpropanesulfonic acid; sodiu,Acrylamide. 2-Acrylamido-2-Methylpropanesulfonic Acid. Sodiu
68526-85-2,alcohols. c9-11-iso-. c10-rich,Alcohols; C9-11-iso-; C10-rich,Alcohols. C9-11-Iso-. C10-Rich
8007-43-0,sorbitan; (z)-9-octadecenoate (2:3),Sorbitan; (Z)-9-octadecenoate (2:3),Sorbitan; (Z)-9-Octadecenoate (2:3)
64-02-8,tetrasodium ethylenediaminetetraacetate,Tetrasodium ethylenediaminetetraacetate,Tetrasodium Ethylenediaminetetraacetate
94266-47-4,citrus terpenes,Citrus terpenes,Citrus Terpenes
112-27-6,triethylene glycol,Triethylene glycol,Triethylene Glycol
68155-39-5,amines. c14-18; c16-18-unsat. alkyl. ethoxylated,Amines. C14-18; C16-18-Unsat. Alkyl. Ethoxylated,Amines. C14-18; C16-18-Unsat. Alkyl. Ethoxylated
10213-78-2,ethanol. 2. 2'-(octadecylamino) bis-,Ethanol. 2. 2'-(Octadecylamino) bis-,Ethanol. 2. 2'-(Octadecylamino) Bis-
137898-94-3,ethyl octyl decyl phosphoric ester partial potassium salt,ethyl octyl decyl phosphoric ester partial potassium salt,Ethyl Octyl Decyl Phosphoric Ester Partial Potassium Salt
128824-30-6,1-dodecanesulfonic acid. hydroxy-. sodium salt,1-Dodecanesulfonic acid. hydroxy-. sodium salt,1-Dodecanesulfonic Acid. Hydroxy-. Sodium Salt
30965-85-6,dodecene-1-sulfonic acid. sodium salt,Dodecene-1-sulfonic acid. sodium salt,Dodecene-1-Sulfonic Acid. Sodium Salt
9211,synthetic salts,Synthetic Salts,Synthetic Salts
9004-67-5,methylcellulose,Methylcellulose,Methylcellulose
63148-62-9,polydimethylsiloxane,Polydimethylsiloxane,Polydimethylsiloxane
7758-98-7,copper(ii) sulfate,Copper Sulfate,Copper(Ii) Sulfate
15619-48-4,1-(benzyl)quinolinium chloride,1-(Benzyl)quinolinium chloride,1-(Benzyl)Quinolinium Chloride
8940,aldehyde,Aldehyde,Aldehyde
122-20-3,triisopropanolamine,Triisopropanolamine,Triisopropanolamine
50-21-5,lactic acid,Lactic Acid,Lactic Acid
68-11-1,thioglycolic acid,Thioglycolic acid,Thioglycolic Acid
8953,ethoxylated nonylphenol,Ethoxylated nonylphenol,Ethoxylated Nonylphenol
98-86-2,acetophenone,Acetophenone,Acetophenone
61791-26-2,amines. tallow alkyl. ethoxylated,Amines. tallow alkyl. ethoxylated,Amines. Tallow Alkyl. Ethoxylated
62099-15-4,disodium hydroxyethylethylenediaminediacetate (impurity),Disodium hydroxyethylethylenediaminediacetate (impurity),Disodium Hydroxyethylethylenediaminediacetate (Impurity)
224635-63-6,reaction product of: acetophenone. formaldehyde. cyclohexyla,Reaction product of: acetophenone. formaldehyde. cyclohexyla,Reaction Product Of: Acetophenone. Formaldehyde. Cyclohexyla
3327-22-8,1-propanaminium. 3-chloro-2-hydroxy-n.n.n-trimethylchloride,1-Propanaminium. 3-chloro-2-hydroxy-N.N.N-trimethylchloride,1-Propanaminium. 3-Chloro-2-Hydroxy-N.N.N-Trimethylchloride
9068,ethoxylated alcohols,Ethoxylated alcohols,Ethoxylated Alcohols
10486-00-7,sodium perborate tetrahydrate,sodium perborate tetrahydrate,Sodium Perborate Tetrahydrate
9230,ethoxylated alcohols,Sulfonates / Ethoxylated Alcohols,Ethoxylated Alcohols
68186-45-8,octyl decyl acid phosphate,octyl decyl acid phosphate,Octyl Decyl Acid Phosphate
8979,alkyl aryl sulfonic acid,Alkyl aryl sulfonic acid,Alkyl Aryl Sulfonic Acid
119345-04-9,benzene. 1.1`-oxybis-.tetratpropylene. sulfonated. salts,Benzene. 1.1`-oxybis-.tetratpropylene. sulfonated. salts,Benzene. 1.1`-Oxybis-.Tetratpropylene. Sulfonated. Salts
28757-00-8,diisopropyl naphthalenesulfonic acid,Diisopropyl naphthalenesulfonic acid,Diisopropyl Naphthalenesulfonic Acid
5324-84-5,sodium 1-octanesulfonate,Sodium 1-octanesulfonate,Sodium 1-Octanesulfonate
0000064-17-5,ethanol,Ethanol,Ethanol
0000124-09-4,hexamethylenediamine,Hexamethylenediamine,Hexamethylenediamine
0000067-63-0,isopropyl alcohol,Isopropyl Alcohol,Isopropyl Alcohol
25446-78-0,sodium 2-[2-[2-(tridecyloxy)ethoxy]ethoxy]ethyl sulphate,Sodium 2-[2-[2-(tridecyloxy)ethoxy]ethoxy]ethyl sulphate,Sodium 2-[2-[2-(Tridecyloxy)Ethoxy]Ethoxy]Ethyl Sulphate
7757-82-6,sodium sulfate (impurity),Sodium sulfate (impurity),Sodium Sulfate (Impurity)
75-28-5,butane(s),Butane(s),Butane(S)
74-84-0,ethane,Ethane,Ethane
74-98-6,propane,Propane,Propane
115-07-1,propylene,Propylene,Propylene
1302-74-5,corundum,Corundum,Corundum
61790-69-0,fatty acids. tall-oil,Fatty Acids. tall-oil,Fatty Acids. Tall-Oil
629-11-8,hexane-1.6-diol,Hexane-1.6-diol,Hexane-1.6-Diol
1302-78-9,montmorillonite,Organic clay,Montmorillonite
7446-70-0,aluminum chloride,aluminum chloride,Aluminum Chloride
70879-47-9,phosphoric acid. mixed alkyl esters. potassium salts,phosphoric acid. mixed alkyl esters. potassium salts,Phosphoric Acid. Mixed Alkyl Esters. Potassium Salts
11757,alkylamine,Alkylamine ,Alkylamine
71-43-2,benzene,Benzene,Benzene
75-57-0,tetramethylammonium chloride,Tetramethylammonium chloride,Tetramethylammonium Chloride
68155-09-9,coco-amido-propylamine oxide,Coco-amido-propylamine oxide,Coco-Amido-Propylamine Oxide
123-01-3,dodecylbenzene (impurity),Dodecylbenzene (impurity),Dodecylbenzene (Impurity)
8932,edta/copper chelate,EDTA/Copper chelate,Edta/Copper Chelate
7789-38-0,sodium bromate,Sodium bromate,Sodium Bromate
8944,inner salt of alkyl amines,Inner salt of alkyl amines,Inner Salt Of Alkyl Amines
8691,sulfonated hydrocarbon,Sulfonated hydrocarbon,Sulfonated Hydrocarbon
8943,fatty acids. tall oil,Fatty acids. tall oil,Fatty Acids. Tall Oil
8942,polyoxyalkylenes,Polyoxyalkylenes and Terpene,Polyoxyalkylenes
8692,inorganic acid,Inorganic acid ,Inorganic Acid
8253,refer to msds,Refer to MSDS,Refer To Msds
9969,alkoxylated alcohol_2,Alkoxylated alcohol_2,Alkoxylated Alcohol_2
108-93-0,cyclohexanol,Cyclohexanol,Cyclohexanol
71-41-0,pentanol,Pentanol,Pentanol
57-13-6,urea,Urea,Urea
8455,organic acid,Organic acid ,Organic Acid
111560-38-4,sodium salt of polymaleic acid copolymer,Sodium salt of Polymaleic Acid Copolymer,Sodium Salt Of Polymaleic Acid Copolymer
6662,refer to msds,Refer to MSDS,Refer To Msds
9972,acrylamide modified polymer,acrylamide modified polymer,Acrylamide Modified Polymer
10840,aminofunctional polymer,aminofunctional polymer,Aminofunctional Polymer
10994,alcohol 1,alcohol 1,Alcohol 1
64741-43-1,gas oils (petroleum),Gas oils. petroleum. straight-run,Gas Oils (Petroleum)
106-44-5,polycyclic aromatic hydrocarbons,Polycyclic Aromatic Hydrocarbons,Polycyclic Aromatic Hydrocarbons
95-48-7,polycyclic aromatic hydrocarbons,Polycyclic Aromatic Hydrocarbons,Polycyclic Aromatic Hydrocarbons
108-39-4,polycyclic aromatic hydrocarbons,Polycyclic Aromatic Hydrocarbons,Polycyclic Aromatic Hydrocarbons
9014-93-1,dinonylphenyl polyoxyethylene,dinonylphenyl polyoxyethylene,Dinonylphenyl Polyoxyethylene
1099,refer to msds,Refer to MSDS,Refer To Msds
1330-43-4,sodium tetraborate,Sodium tetraborate,Sodium Tetraborate
992-98-3,formic acid,Formic Acid,Formic Acid
8913,phosphonate of a diamine. sodium salt,Phosphonate of a Diamine. Sodium Salt,Phosphonate Of A Diamine. Sodium Salt
8676,hydroxylated hydrocarbon,Hydroxylated hydrocarbon,Hydroxylated Hydrocarbon
26100-47-0,acrylamide/ammonium acrylate copolymer, Acrylamide/ammonium acrylate copolymer,Acrylamide/Ammonium Acrylate Copolymer
64742-65-0,distillates (petroleum). solvent-dewaxed heavy paraffinic,Distillates (petroleum). solvent-dewaxed heavy paraffinic,Distillates (Petroleum). Solvent-Dewaxed Heavy Paraffinic
10022,polyoxyalkylene glycol,Polyoxyalkylene glycol,Polyoxyalkylene Glycol
12001-26-2,mica,Mica,Mica
64741-68-0,naphtha. heavy catalytic reformed,Naphtha. heavy catalytic reformed,Naphtha. Heavy Catalytic Reformed
7783-20-2,ammonium sulfate,Ammonium sulfate,Ammonium Sulfate
25068-38-6,4.4'-isopropylidenediphenol-epichlorohydrin copolymer,4.4'-Isopropylidenediphenol-Epichlorohydrin Copolymer,4.4'-Isopropylidenediphenol-Epichlorohydrin Copolymer
7948,quaternary ammonium compound,quaternary ammonium compound,Quaternary Ammonium Compound
68037-05-8,poly(oxy-1.2-ethanediyl). alpha-sulfo-omega-hydroxy-. c6-10-alkyl ethers. ammonium,Poly(oxy-1.2-ethanediyl). alpha-sulfo-omega-hydroxy-. C6-10-alkyl ethers. ammonium,Poly(Oxy-1.2-Ethanediyl). Alpha-Sulfo-Omega-Hydroxy-. C6-10-Alkyl Ethers. Ammonium
108-10-1,methyl isobutyl ketone,Methyl isobutyl ketone,Methyl Isobutyl Ketone
7681-53-0,sodium hypophosphite,Sodium Hypophosphite,Sodium Hypophosphite
68648-87-3,benzene. c10-16-alkyl derives.,Benzene. C10-16-alkyl derives. ,Benzene. C10-16-Alkyl Derives.
126-92-1,sodium 2-ethylhexyl sulfate,Sodium 2-ethylhexyl sulfate,Sodium 2-Ethylhexyl Sulfate
8725-00-0,fatty amine i,Fatty Amine I,Fatty Amine I
132778-08-6,alkylpolyglycoside,Alkylpolyglycoside,Alkylpolyglycoside
68551-33-7,amines. tallow alkyl. ethoxylated acetates (salts),Amines. tallow alkyl. ethoxylated. acetates (salts),Amines. Tallow Alkyl. Ethoxylated Acetates (Salts)
28883-73-0,poly(oxy-1.2-ethaneldiyl).alpha.alpha'[(octadecylimino)di-2.1-ethanediyl]bis[omega-hydroxy-.hydrochloride],Poly(oxy-1.2-ethanediyl). alpha [(octadecylimino)di-2. 1-ethanediyl]bis[ omega-hydroxy-.hydrochloride,Poly(Oxy-1.2-Ethaneldiyl).Alpha.Alpha'[(Octadecylimino)Di-2.1-Ethanediyl]Bis[Omega-Hydroxy-.Hydrochloride]
7036,amine salt,amine salt,Amine Salt
9003-04-7,2-propenoic acid. homopolymer. sodium salt,2-Propenoic acid. homopolymer. sodium salt,2-Propenoic Acid. Homopolymer. Sodium Salt
63428-86-4,polyethylene glycol hexyl ether sulfate. ammonium salt,polyethylene glycol hexyl ether sulfate. ammonium salt,Polyethylene Glycol Hexyl Ether Sulfate. Ammonium Salt
526-73-8,1.2.3-trimethylbenzene,1.2.3-Trimethylbenzene,1.2.3-Trimethylbenzene
98-82-8,cumene,Cumene,Cumene
25085-99-8,cured resin,Cured resin,Cured Resin
68439-30-5,oxirane. methyl-.polymer with oxirane. 8 methylnonyl ether,Oxirane. methyl-. polymer with oxirane. 8-methylnonyl ether,Oxirane. Methyl-.Polymer With Oxirane. 8 Methylnonyl Ether
3012-65-5,ammonium citrate,Ammonium Citrate,Ammonium Citrate
1185-57-5,ferric ammonium citrate,Ferric Ammonium Citrate,Ferric Ammonium Citrate
78-96-6,isopropanolamine,Isopropanolamine,Isopropanolamine
111-46-6,2.2''-oxydiethanol (impurity),2.2''-oxydiethanol (impurity),2.2''-Oxydiethanol (Impurity)
129898-01-7,2-propenoic acid. polymer with sodium phosphinate,2-Propenoic acid. polymer with sodium phosphinate,2-Propenoic Acid. Polymer With Sodium Phosphinate
4080-31-3,1-(3-chloroally)-3.5.7-triaza-1-azoniaadamantane chloride,1-(3-Chloroally)-3.5.7-triaza-1-Azoniaadamantane Chloride,1-(3-Chloroally)-3.5.7-Triaza-1-Azoniaadamantane Chloride
144-55-8,sodium bicarbonate,Sodium Bicarbonate,Sodium Bicarbonate
90622-46-1,alkanes. c14-16,Alkanes. C14-16,Alkanes. C14-16
129813-58-7,benzene. mono-c10-c-16-alkyl derivatives,benzene. mono-C10-C-16-alkyl derivatives,Benzene. Mono-C10-C-16-Alkyl Derivatives
8985,aliphatic alcohol,aliphatic alcohol,Aliphatic Alcohol
64741-86-2,distillates (petroleum). sweet medium,distillates (petroleum). sweet medium,Distillates (Petroleum). Sweet Medium
61791-10-4,ethoxylated cocoalkylmethyl quaternary,Ethoxylated cocoalkylmethyl quaternary,Ethoxylated Cocoalkylmethyl Quaternary
24938-91-8,polyethylene glycol monotridecyl ether. liquids,Polyethylene glycol monotridecyl ether. liquids,Polyethylene Glycol Monotridecyl Ether. Liquids
577-11-7,dioctyl sodium sulfosuccinate,Sodium dioctyl sulfosuccinate,Dioctyl Sodium Sulfosuccinate
76472-15-6,sodium bromide,sodium bromide,Sodium Bromide
25085-02-3,acrylamide sodium acrylate copolymer,Acrylamide sodium acrylate copolymer,Acrylamide Sodium Acrylate Copolymer
9005-67-8,poly(oxyethylene) sorbitol monostearate,Poly(oxyethylene) sorbitol monostearate,Poly(Oxyethylene) Sorbitol Monostearate
1762-95-4,thiocyanic acid; ammonium salt,Thiocyanic acid; ammonium salt,Thiocyanic Acid; Ammonium Salt
8250,acid phosphate ester,Acid phosphate ester,Acid Phosphate Ester
8030-76-0,lecitihins. soya,Lecitihins. soya,Lecitihins. Soya
9842,amine derivative,Amine derivative,Amine Derivative
7784-13-6,aluminum chloride. hexahydrate,Aluminum chlorid. hexahydrate,Aluminum Chloride. Hexahydrate
107-89-1,aldol,Aldol,Aldol
123-73-9,crotonaldehyde,Crotonaldehyde,Crotonaldehyde
03438082,phosphoric acid derivative #1,Phosphoric Acid Derivative #1,Phosphoric Acid Derivative #1
8980,proprietary,Proprietary,Proprietary
8925,ethoxylated alkyl amines,Ethoxylated alkyl amines,Ethoxylated Alkyl Amines
8648,alcohol,Alcohol,Alcohol
8340,refer to msds,Refer to MSDS,Refer To Msds
67700-43-0,polyurethane resin,Polyurethane resin,Polyurethane Resin
26635-93-8,ethoxylated oleyamine,Ethoxylated oleyamine,Ethoxylated Oleyamine
68140-01-2,cocamidopropyl dimethylamine,Cocamidopropyl Dimethylamine,Cocamidopropyl Dimethylamine
8296,inorganic base,Inorganic base,Inorganic Base
39346-76-4,carboxymethyl guar,Carboxymethyl guar,Carboxymethyl Guar
35429-19-7,ethanaminium;n;n;n-trimethyl-methyl-oxo; chloride; polymer w,Ethanaminium;n;n;n-trimethyl-methyl-oxo; chloride; polymer w,Ethanaminium;N;N;N-Trimethyl-Methyl-Oxo; Chloride; Polymer W
497-19-8,sodium carbonate,Sodium Carbonate,Sodium Carbonate
93685-80-4,mineral oil,Mineral Oil,Mineral Oil
09003-05-8,polyacrylamide,Polyacrylamide,Polyacrylamide
22042-96-2,phosphonic acid. (((phosphonomethyl)imino)bis(2.1-ethanediyl,Phosphonic Acid,Phosphonic Acid. (((Phosphonomethyl)Imino)Bis(2.1-Ethanediyl
8941,terpene,Terpene,Terpene
1097,refer to msds,Refer to MSDS,Refer To Msds
4719-04-4,alkanolamine/ aldehyde condensate,alkanolamine/ aldehyde condensate,Alkanolamine/ Aldehyde Condensate
11746,alkyl ester 1,Alkyl Ester 1,Alkyl Ester 1
1318-16-7,sintered bauxite,Sintered bauxite,Sintered Bauxite
68915-97-9,distillates (petroleum) hydrotreated light paraffinic,Gas oils. petroluem. straight-run. high-boiling,Distillates (Petroleum) Hydrotreated Light Paraffinic
9338,aliphatic alcohol,aliphatic alcohol,Aliphatic Alcohol
919-30-2,3-aminopropyltriethoxysilane,3-aminopropyltriethoxysilane,3-Aminopropyltriethoxysilane
25322-69-4,polypropylene glycol,Polypropylene glycol,Polypropylene Glycol
62-56-6,thiourea,Thiourea,Thiourea
78330-23-1,alcohols. c11-14-iso-. c-13-rich. ethoxylated propoxylated,Alcohols. C11-14-iso-. C-13-rich. ethoxylated propoxylated,Alcohols. C11-14-Iso-. C-13-Rich. Ethoxylated Propoxylated
8952,parraffin distillate,Paraffin distillate,Parraffin Distillate
8052-41-3,stoddard solvent,Stoddard solvent,Stoddard Solvent
7772-98-7,sodium thiosulphate,Sodium thiosulphate,Sodium Thiosulphate
8928,inorganic salt,Inorganic Salt,Inorganic Salt
68584-24-7,benzenesulfonic acid. c10-16-alkyl derivatives. compounds wi,Benzenesulfonic acid. C10-16-alkyl derivatives. compounds wi,Benzenesulfonic Acid. C10-16-Alkyl Derivatives. Compounds Wi
68584-25-8,benzenesulfonic acid. c10-16-alkyl derivatives. compounds wi,Benzenesulfonic acid. C10-16-alkyl derivatives. compounds wi,Benzenesulfonic Acid. C10-16-Alkyl Derivatives. Compounds Wi
7480,aliphatic acids,Aliphatic acids,Aliphatic Acids
68409-70-1,polyamine polymer,Polyamine polymer,Polyamine Polymer
5877-42-9,acetylenic alcohol,Acetylenic alcohol,Acetylenic Alcohol
68891-11-2,oxyalkylated alkylphenol,Oxyalkylated alkylphenol,Oxyalkylated Alkylphenol
61791-17-1,amines. rosin. ethoxylated,Oxyalkylated amine,Amines. Rosin. Ethoxylated
37139-99-4,benzyldimethyloleylammonium chloride,Benzyldimethyloleylammonium chloride,Benzyldimethyloleylammonium Chloride
308074-31-9,quaternary ammonium compounds. tallow alkyl. sulfates,Quaternary ammonium compounds. tallow alkyl. sulfates,Quaternary Ammonium Compounds. Tallow Alkyl. Sulfates
68607-07-8,complex ester,Complex ester,Complex Ester
24937-78-8,ethylene-vinyl acetate copolymer,Ethylene-Vinyl acetate copolymer,Ethylene-Vinyl Acetate Copolymer
872-50-4,n-methylpyrrolidone,N-Methylpyrrolidone,N-Methylpyrrolidone
57486-09-6,phosphonates,Phosphonates,Phosphonates
119415-05-3,phosphonates,Phosphonates,Phosphonates
78-78-4,iso-petane,iso-Petane,Iso-Petane
106-97-8,n-butane,n-Butane,N-Butane
109-66-0,n-petane,n-Petane,N-Petane
26266-58-0,sorbitan trioleate,Sorbitan Triolate,Sorbitan Trioleate
8930,alkylbenzene sulfonate compd. with 2-propanamine,Alkylbenzene sulfonate compd. with 2-propanamine,Alkylbenzene Sulfonate Compd. With 2-Propanamine
8949,oxylated alcohol,Oxylated alcohol,Oxylated Alcohol
9288,nonionic surfactant,nonionic surfactant,Nonionic Surfactant
7172,ethoxylated alcohol,ethoxylated alcohol,Ethoxylated Alcohol
8028-77-1,sodium chloride,Sodium Chloride,Sodium Chloride
10025-91-9,antimony trichloride,Antimony trichloride,Antimony Trichloride
124-68-5,2-amino-2-methyl-1-propanol,2-Amino-2-methyl-1-propanol,2-Amino-2-Methyl-1-Propanol
75673-43-7,3.4.4-trimethyloxazolidine,3.4.4-Trimethyloxazolidine,3.4.4-Trimethyloxazolidine
51200-87-4,4.4-dimethyloxazolidine,4.4-Dimethyloxazolidine,4.4-Dimethyloxazolidine
108-65-6,1-methoxy-2-propanol acetate,1-methoxy-2-propanol acetate,1-Methoxy-2-Propanol Acetate
79-20-9,methyl acetate,methyl acetate,Methyl Acetate
78-21-7,cetylethylmorpholinium ethyl sulfate,Cetylethylmorpholinium ethyl sulfate,Cetylethylmorpholinium Ethyl Sulfate
9005-64-5,polyethylene glycol sorbitan monolaurate,Polyethylene glycol sorbitan monolaurate,Polyethylene Glycol Sorbitan Monolaurate
68188-40-9,complex alkylaryl polyo-ester,Complex alkylaryl polyo-ester,Complex Alkylaryl Polyo-Ester
8970,ethoxylated nonyl phenol,Ethoxylated nonyl phenol,Ethoxylated Nonyl Phenol
11138-66-2,gum. xanthan,Gum. xanthan,Gum. Xanthan
8879,complex mineral,Complex Mineral,Complex Mineral
60828-78-6,polyethylene glycol trimethylnonyl ether,Polyethylene glycol tromethylnonyl ether,Polyethylene Glycol Trimethylnonyl Ether
7681-52-9,sodium hypochlorite,Sodium hypochlorite,Sodium Hypochlorite
6487,oxyalkylated alcohol (2),Oxyalkylated alcohol (2),Oxyalkylated Alcohol (2)
68551-19-9,alkanes. c12-14-iso-,Isoalkanes (C12-C14),Alkanes. C12-14-Iso-
50-70-4,d-sorbitol,Sorbitol,D-Sorbitol
101-68-8,methylene diphenyl diisocyanate,Methylene diphenyl diisocyanate,Methylene Diphenyl Diisocyanate
9016-87-9,poly((phenyl isocyanate)-co-formaldehyde),poly((phenyl isocyanate)-co-formaldehyde),Poly((Phenyl Isocyanate)-Co-Formaldehyde)
9049-71-2,sucrose. propoxylated (1 - 16.5 moles propoxylated),Sucrose; propoxylated (1 - 16.5 moles propoxylated),Sucrose. Propoxylated (1 - 16.5 Moles Propoxylated)
9003-70-7,styrene-divinylbenzene polymer,Styrene-Divinylbenzene Polymer,Styrene-Divinylbenzene Polymer
78-73-9,choline bicarbonate,choline bicarbonate,Choline Bicarbonate
101033-44-7,triethanolamine zirconate,Triethanolamine zirconate,Triethanolamine Zirconate
68476-34-6,diesel,Diesel,Diesel
8978,guar gum derivative,Guar gum derivative,Guar Gum Derivative
64741-47-5,natural gas condensate c2-20,Natural Gas Condensate C2-20,Natural Gas Condensate C2-20
1309-42-8,magnesium hydroxide,Magnesium hydroxide,Magnesium Hydroxide
14452-57-4,magnesium peroxide,Magnesium peroxide,Magnesium Peroxide
2386-53-0,dodecanesulfonic acid. sodium salt,dodecanesulfonic acid. sodium salt,Dodecanesulfonic Acid. Sodium Salt
75-12-7,formamide,Formamide,Formamide
8000-41-7,terpineol,Terpineol,Terpineol
1327-36-2,mullite,Mullite,Mullite
9069,zirconium complex,Zirconium complex,Zirconium Complex
40139-72-8,non-hazardous ingredients,Non-Hazardous Ingredients,Non-Hazardous Ingredients
10035-04-8,calcium chloride. dihydrate,Calcium chloride. dihydrate ,Calcium Chloride. Dihydrate
108-24-7,acetic anhydride,Acetic anhydride  ,Acetic Anhydride
27306-78-1,siloxane polyalkyleneoxide copolymer,Siloxane Polyalkyleneoxide Copolymer,Siloxane Polyalkyleneoxide Copolymer
110-91-8,morpholine,Morpholine,Morpholine
78-83-1,1-propanol. 2-methyl-,1-Propanol. 2-methyl-,1-Propanol. 2-Methyl-
8297,ethoxylated nonylphenol,Ethoxylated Nonylphenol,Ethoxylated Nonylphenol
68603-67-8,polyethylene polyammonium salt,Polyethylene Polyammonium salt,Polyethylene Polyammonium Salt
9048,inorganic metal oxide,inorganic metal oxide,Inorganic Metal Oxide
13235-36-4,tetrasodium ethylenediaminetetraacetate,Tetrasodium ethylenediaminetetraacetate,Tetrasodium Ethylenediaminetetraacetate
8442,hydroxylated hydrocarbon,Hydroxylated hydrocarbon,Hydroxylated Hydrocarbon
8957,alkyl esters,Alkyl Esters,Alkyl Esters
10102-17-7,sodium thiosulfate; pentahydrate,Sodium thiosulfate; pentahydrate,Sodium Thiosulfate; Pentahydrate
8964,aliphatic alcohol,aliphatic alcohol,Aliphatic Alcohol
68551-20-2,alkanes. c13-16-iso-,Alkanes. C13-16-iso-,Alkanes. C13-16-Iso-
5847,alkyl amine blend in a metal salt solution,Alkyl Amine Blend in a Metal Salt Solution,Alkyl Amine Blend In A Metal Salt Solution
61790-47-4,amines. rosin alkyl,Amines. rosin alkyl,Amines. Rosin Alkyl
68391-11-7,pyridine. alkyl derivatives,Pyridine. alkyl derivs.,Pyridine. Alkyl Derivatives
8973,phosphonic acid derivative,phosphonic acid derivative,Phosphonic Acid Derivative
64741-85-1,raffinates (petroleum). sorption process,Rafinnates,Raffinates (Petroleum). Sorption Process
5989-27-5,d-limonene,D-Limonene,D-Limonene
67762-90-7,siloxanes and silicones. dimethyl. reaction products with si,Silica. amorphous precipitated,Siloxanes And Silicones. Dimethyl. Reaction Products With Si
65-85-0,benzoic acid,Benzoic Acid,Benzoic Acid
8931,modified alkane,Modified alkane,Modified Alkane
9016-88-0,1.4-benzenedicarboxylic acid. polymer with 1.2-ethanediol an,1.4-Benzenedicarboxylic acid. polymer with 1.2-ethanediol an,1.4-Benzenedicarboxylic Acid. Polymer With 1.2-Ethanediol An
112-53-8,c12 fatty alcohol,C12 fatty alcohol,C12 Fatty Alcohol
557-04-0,magnesium stearate,Magnesium stearate,Magnesium Stearate
72283-36-4,oxirane. 2-methyl-. polymer with oxirane. mono-(9z)-9-octade,Oxirane. 2-methyl-. polymer with oxirane. mono-(9Z)-9-octade,Oxirane. 2-Methyl-. Polymer With Oxirane. Mono-(9Z)-9-Octade
39322-78-6,phosphoric acid. dodecyl ester. potassium salt,Phosphoric acid. dodecyl ester. potassium salt,Phosphoric Acid. Dodecyl Ester. Potassium Salt
12174-11-7,hydrated aluminum-magnesium silicate (palygorskite),Hydrated Aluminum-Magnesium Silicate (Palygorskite),Hydrated Aluminum-Magnesium Silicate (Palygorskite)
8001-79-4,castor oil,Castor Oil,Castor Oil
8013-51-2,tetrasodium ethylenediaminetetraacetate,Tetrasodium ethylenediaminetetraacetate,Tetrasodium Ethylenediaminetetraacetate
129-17-9,acid blue 1,Acid Blue 1,Acid Blue 1
3844-45-9,acid blue 9,Acid Blue 9,Acid Blue 9
62010-10-0,zirconium basic sulphate,Zirconium basic sulphate,Zirconium Basic Sulphate
113184-20-6,zirconium sodium hydroxy lactate complex,Zirconium sodium hydroxy lactate complex,Zirconium Sodium Hydroxy Lactate Complex
67762-26-9,fatty acids. c14-18 and c16-18-unsatd.. me esters,Fatty acids. C14-18 and C16-18-unsatd.. Me esters,Fatty Acids. C14-18 And C16-18-Unsatd.. Me Esters
1111,aliphatic alcohol,aliphatic alcohol,Aliphatic Alcohol
9071,ethoxylated alcohols 1,ethoxylated alcohols 1,Ethoxylated Alcohols 1
122-99-6,2-phenoxyethanol,2-Phenoxyethanol,2-Phenoxyethanol
1314-56-3,phosphorus pentoxide,PHOSPHORUS PENTOXIDE,Phosphorus Pentoxide
127-09-3,sodium acetate,Sodium acetate,Sodium Acetate
8591,branched alkylphenol. ethoxylate,Branched alkylphenol. ethoxylate,Branched Alkylphenol. Ethoxylate
8981,alkenes,Alkenes,Alkenes
51838-31-4,polyepichlorohydrin. trimethyl amine quaternized,Polyepichlorohydrin. trimethyl amine quaternized,Polyepichlorohydrin. Trimethyl Amine Quaternized
68909-34-2,zirconium. acetate lactate oxo ammonium complexes,Zirconium. acetate lactate oxo ammonium complexes,Zirconium. Acetate Lactate Oxo Ammonium Complexes
1305-62-0,calcium hydroxide,Calcium hydroxide,Calcium Hydroxide
8929,inorganic salt,Inorganic Salt,Inorganic Salt
7339,sodium salt of aliphatic amine acid, Sodium salt of aliphatic amine acid,Sodium Salt Of Aliphatic Amine Acid
39290-78-3,aluminum chloride hydroxide sulfate,Aluminum chloride hydroxide sulfate,Aluminum Chloride Hydroxide Sulfate
66455-14-9,alcohols. c12-13. ethoxylated,Alcohols. C12-13. ethoxylated,Alcohols. C12-13. Ethoxylated
90-80-2,pentahydroxy-hexanoic acid,pentahydroxy-hexanoic acid,Pentahydroxy-Hexanoic Acid
9645,organic salt, Alkyl ammonium salt,Organic Salt
11104-97-5,methyl oxirane polymer with oxirane,Methyl oxirane polymer with oxirane,Methyl Oxirane Polymer With Oxirane
9454,ether salt, Ether salt,Ether Salt
10049-04-4,chlorine dioxide,Chlorine dioxide,Chlorine Dioxide
9287,pine terpene,pine terpene,Pine Terpene
125005-87-0,diutan gum,Diutan gum,Diutan Gum
7704-73-6,monosodium fumarate,Monosodium fumarate,Monosodium Fumarate
68213-24-1,alocohols. c12-16. ethoxylated propoxylated,Alcohols. C12-16. ethoxylated propoxylated,Alocohols. C12-16. Ethoxylated Propoxylated
68585-36-4,polyoxyethylene alkyl ether phosphate,Polyoxyethylene alkyl ether phosphate,Polyoxyethylene Alkyl Ether Phosphate
73296-88-5,ethoxylated alcohols,Ethoxylated alcohols,Ethoxylated Alcohols
68603-08-7,naphtha. hydrotreated heavy,Naphtha. hydrotreated heavy,Naphtha. Hydrotreated Heavy
8947,naphtha. hydrotreated heavy,Naphtha. hydrotreated heavy,Naphtha. Hydrotreated Heavy
26183-52-8,isodecanol w/6-7 moles ethylene oxide,Isodecanol w/6-7 Moles Ethylene Oxide,Isodecanol W/6-7 Moles Ethylene Oxide
8678,aliphatic polyol,Aliphatic polyol,Aliphatic Polyol
9339,organic acid,Organic Acid,Organic Acid
57029-46-6,polyurethane resin,Polyurethane Resin,Polyurethane Resin
112-80-1,oleic acid,Oleic acid,Oleic Acid
9004-99-3,polyoxyethylene (40) stearic acid (monoester),Polyoxyethylene (40) stearic acid (monoester),Polyoxyethylene (40) Stearic Acid (Monoester)
110-44-1,sorbic acid,Sorbic acid,Sorbic Acid
1338-41-6,sorbitan stearate,Sorbitan stearate,Sorbitan Stearate
2373-38-8,sodium di(1.3-dimethylbutyl)sulfosuccinate,Sodium di(1.3-dimethylbutyl)sulfosuccinate,Sodium Di(1.3-Dimethylbutyl)Sulfosuccinate
3921-30-0,phosphoric acid mono decyl ester,Phosphoric acid mono decyl ester,Phosphoric Acid Mono Decyl Ester
3991-73-9,phosphoric acid mono octyl ester,Phosphoric acid mono octyl ester,Phosphoric Acid Mono Octyl Ester
112945-52-5,silica. amorphous. fumed. crystal free,Silica. amorphous. fumed. crystal free,Silica. Amorphous. Fumed. Crystal Free
629-62-9,synthetic mineral oil,synthetic mineral oil,Synthetic Mineral Oil
8912,quaternary ammonium chloride,Quaternary Ammonium Chloride,Quaternary Ammonium Chloride
93037-13-9,nitrogen,Nitrogen,Nitrogen
68440-27-7,fatty acids. tall oil. sulfurized methyl esters,Fatty Acids. Tall Oil. Sulfurized Methyl Esters,Fatty Acids. Tall Oil. Sulfurized Methyl Esters
8670,aliphatic polyol,Aliphatic polyol,Aliphatic Polyol
9172,glycol ether,Glycol ether,Glycol Ether
62-53-3,possibly contains aniline,possibly contains Aniline,Possibly Contains Aniline
1305-78-8,calcium oxide (impurity),Calcium oxide (impurity),Calcium Oxide (Impurity)
1317-61-9,iron oxide (impurity),Iron oxide (impurity),Iron Oxide (Impurity)
68990-90-9,1h-imidazole-1-ethanamine. 4.5-dihydro-.2-nortall-oil alkyl derivs.,1H-Imidazole-1-ethanamine. 4.5-dihydro-.2-nortall-oil alkyl derivs.,1H-Imidazole-1-Ethanamine. 4.5-Dihydro-.2-Nortall-Oil Alkyl Derivs.
5080-22-8,2-propanamine. n-hydroxy-,2-Propanamine. N-hydroxy-,2-Propanamine. N-Hydroxy-
70900-16-2,amines. polyethylenepoly-. ethoxylated. phosphonomethylated. sodiumsalts,Amines. polyethylenepoly-. phosphonomethylated. sodiumsalts,Amines. Polyethylenepoly-. Ethoxylated. Phosphonomethylated. Sodiumsalts
92908-33-3,ulexite. calcined,Ulexite. calcined,Ulexite. Calcined
97953-25-8,acrylic polymer,Acrylic Polymer,Acrylic Polymer
10619,polyacrylate,Polyacrylate,Polyacrylate
9794,aminofunctional polymer,aminofunctional polymer,Aminofunctional Polymer
1317-65-3,calcium carbonate,Calcium carbonate,Calcium Carbonate
92797-42-7,bauxite (al2o3.xh2o). calcined,Bauxite (Al2O3.xH2O). Calcined,Bauxite (Al2O3.Xh2O). Calcined
68515-73-1,d-glucopyranose. oligomers. decyl octyl glycosides,D-Glucopyranose. oligomers. decyl octyl glycosides,D-Glucopyranose. Oligomers. Decyl Octyl Glycosides
9698,aliphatic amine polymer,Alicyclic ester,Aliphatic Amine Polymer
0-00-0,,,
69011-36-5,poly(oxy-1.2-ethanediyl). a-tridecyl-w-hydroxy-. branched,Poly (oxy-1.2-ethanediyl). a-tridecyl-w-hydroxy-. branched,Poly(Oxy-1.2-Ethanediyl). A-Tridecyl-W-Hydroxy-. Branched
8001-22-7,soybean oil,Soybean Oil,Soybean Oil
68991-48-0,alcohol ethoxylate,Alcohol ethoxylate,Alcohol Ethoxylate
73003-80-2,2.2-dibromomalonamide,2.2-Dibromomalonamide,2.2-Dibromomalonamide
11310,aliphatic polyol,Aliphatic polyol,Aliphatic Polyol
11607,inorganic salt,Inorganic salt,Inorganic Salt
12054,anionic terpolymer,Anionic terpolymer,Anionic Terpolymer
541-02-6,decamethyl cyclopentasiloxane,Decamethyl cyclopentasiloxane ,Decamethyl Cyclopentasiloxane
540-97-6,dodecamethylcyclohexasiloxane,Dodecamethylcyclohexasiloxane,Dodecamethylcyclohexasiloxane
136793-29-8,polymer of 2-acrylamido-2-methylpropanesulfonic acid sodium,Polymer of 2-acrylamido-2-methylpropanesulfonic acid sodium ,Polymer Of 2-Acrylamido-2-Methylpropanesulfonic Acid Sodium
68956-56-9,terpene hydrocarbons,Terpene Hydrocarbons,Terpene Hydrocarbons
11619,quaternary amine,Quaternary amine,Quaternary Amine
19549-80-5,2-heptanone. 4.6-dimethyl-,2-Heptanone. 4.6-dimethyl-,2-Heptanone. 4.6-Dimethyl-
108-83-8,diisobutyl ketone,Diisobutyl ketone,Diisobutyl Ketone
627-93-0,dimethyl adipate,Dimethyl adipate,Dimethyl Adipate
1119-40-0,dimethyl glutarate,Dimethyl glutarate,Dimethyl Glutarate
106-65-0,dimethyl succinate,Dimethyl Succinate,Dimethyl Succinate
7757-83-7,sodium sulfite,Sodium Sulfite,Sodium Sulfite
77-49-6,1.1-dimethylol-1-nitroethane,1.1-Dimethylol-1-nitroethane,1.1-Dimethylol-1-Nitroethane
75-52-5,nitromethane,Nitromethane,Nitromethane
126-11-4,tris(hydroxymethyl)nitromethane,Tris(hydroxymethyl) nitromethane,Tris(Hydroxymethyl)Nitromethane
68-12-2,formamide. n.n-dimethyl-,formamide. N.N-dimethyl-,Formamide. N.N-Dimethyl-
147858-26-2,rhamnolipid surfactant,Rhamnolipid surfactant,Rhamnolipid Surfactant
8061-51-6,sodium lignosulfonate,Sodium Lignosulfonate,Sodium Lignosulfonate
00108-83-8,diisobutyl ketone,Diisobutyl ketone,Diisobutyl Ketone
01119-40-0,dimethyl glutarate,Dimethyl glutarate,Dimethyl Glutarate
00106-65-0,dimethyl succinate,Dimethyl Succinate,Dimethyl Succinate
10192-30-0,ammonium bisulfite,ammonium bisulfite,Ammonium Bisulfite
11839,ethoxylated alcohols,Ethoxylated alcohols,Ethoxylated Alcohols
11609,polyoxyakylene,Polyoxyakylene,Polyoxyakylene
11908,aldehyde,Aldehyde,Aldehyde
128-37-0,butylated hydroxytoluene,Butylated hydroxytoluene,Butylated Hydroxytoluene
37475-88-0,ammonium cumenesulphonate,Ammonium cumenesulphonate,Ammonium Cumenesulphonate
138-86-3,dipentene,Dipentene,Dipentene
10638,organic sulfonic acid,Organic Sulfonic Acid,Organic Sulfonic Acid
1302-76-7,aluminum silicate,Aluminum Silicate,Aluminum Silicate
11906,proprietary acid,Proprietary Acid,Proprietary Acid
68909-77-3,ethanol. 2.2'-oxybis-. reaction products with ammonia. morphoine derivs. residues,Ethanol. 2.2'-oxybis-. reaction products with ammonia. morphoine derivs. Residues,Ethanol. 2.2'-Oxybis-. Reaction Products With Ammonia. Morphoine Derivs. Residues
130498-29-2,polycyclic aromatic hydrocarbons,polycyclic aromatic hydrocarbons,Polycyclic Aromatic Hydrocarbons
7631-90-5,sodium bisulfite,Sodium Bisulfite,Sodium Bisulfite
5392-40-5,citral,Citral,Citral
141-78-6,ethyl acetate,Ethyl acetate,Ethyl Acetate
75-75-2,methanesulphonic acid,Methanesulphonic acid,Methanesulphonic Acid
14960-06-6,sodium n-(2-carboxyethyl)-ndodecyl-.beta.-alaninate,Sodium N-(2-carboxyethyl)-ndodecyl-.beta.-alaninate,Sodium N-(2-Carboxyethyl)-Ndodecyl-.Beta.-Alaninate
61789-71-7,n-benzyl dimethyl cocoamine. c12-c18 quaternary salt,n-Benzyl dimethyl cocoamine. C12-C18 quaternary salt,N-Benzyl Dimethyl Cocoamine. C12-C18 Quaternary Salt
38011-25-5,disodium ethylene diamine tetraacetate,Disodium ethylene diamine tetraacetate,Disodium Ethylene Diamine Tetraacetate
19019-43-3,trisodium ethylene diamine tetraacetate,Trisodium ethylene diamine tetraacetate,Trisodium Ethylene Diamine Tetraacetate
10970,alcohol,alcohol,Alcohol
25085-34-1,cured acrylic resin,Cured acrylic resin,Cured Acrylic Resin
31694-55-0,polyglycol,Polyglycol,Polyglycol
64665-57-2,sodium salt of phosphonomethylated diamine,Sodium salt of phosphonomethylated diamine,Sodium Salt Of Phosphonomethylated Diamine
330168,quaternary ammonium compound,Quaternary Ammonium Compound,Quaternary Ammonium Compound
6381-92-6,ethylenediaminetetraacetic acid disodium salt,Ethylenediaminetetraacetic acid disodium salt,Ethylenediaminetetraacetic Acid Disodium Salt
150-38-9,trisodium ethylene diamine tetraacetate,Trisodium ethylene diamine tetraacetate,Trisodium Ethylene Diamine Tetraacetate
03319912,nitrogenous base,Nitrogenous base,Nitrogenous Base
03330168,quaternary ammonium compound,Quaternary Ammonium Compound,Quaternary Ammonium Compound
112-02-7,cetrimonium chloride,Cetrimonium chloride,Cetrimonium Chloride
70750-47-9,quaternary ammonium compounds. coco alkylbis (hydroxyethyl)methyl chlorides,Quaternary ammonium compounds. coco alkylbis (hydroxyethyl)methyl chlorides,Quaternary Ammonium Compounds. Coco Alkylbis (Hydroxyethyl)Methyl Chlorides
29340-81-6,2.2'.2''-nitrilotriethanol citrate,2.2'.2''-nitrilotriethanol citrate ,2.2'.2''-Nitrilotriethanol Citrate
68411-32-5,alkylbenzenesulfonic acid,Alkylbenzenesulfonic acid,Alkylbenzenesulfonic Acid
69227-09-4,tertapropylenebenzenesulfonate,Tertapropylenebenzenesulfonate,Tertapropylenebenzenesulfonate
3330168,quaternary ammonium compound,Quaternary Ammonium Compound,Quaternary Ammonium Compound
11754,neutralized amine,Neutralized Amine,Neutralized Amine
129828-16-6,fatty acids. canola-oil. me esters,Fatty acids. canola-oil. Me esters,Fatty Acids. Canola-Oil. Me Esters
9004-34-6,cellulose,Cellulose,Cellulose
7440-44-0,charcoal,Charcoal,Charcoal
9792,aromatic aldehyde,Aromatic aldehyde,Aromatic Aldehyde
67774-74-7,benzene. c10-13-alkyl derivs.,Benzene. C10-13-alkyl derivs.,Benzene. C10-13-Alkyl Derivs.
3453553,quaternary ammonium salt,Quaternary Ammonium Salt,Quaternary Ammonium Salt
9003-39-8,polyvinylpyrrolidone derivative,Polyvinylpyrrolidone Derivative,Polyvinylpyrrolidone Derivative
64741-71-5,polymers. petroleum. viscous,Polymers. petroleum. viscous,Polymers. Petroleum. Viscous
9002-89-5,polyvinyl alcohol,Polyvinyl alcohol,Polyvinyl Alcohol
81741-28-8,phosphonium. tributyltetradecyl-. chloride,Tributyltetradecy phosphonium chloride,Phosphonium. Tributyltetradecyl-. Chloride
61788-93-0,amines. coco alkyl dimethyl,Amines. coco alkyl dimethyl,Amines. Coco Alkyl Dimethyl
109-89-7,ethanamine. n-ethyl-,Ethanamine. N-ethyl-,Ethanamine. N-Ethyl-
12645-53-3,phosphoric acid. isooctyl ester,Phosphoric acid. isooctyl ester,Phosphoric Acid. Isooctyl Ester
68610-16-2,phosphorodithioic acid. mixed o.o-diesters with polyethylene glycol monodecyl and polyethylene glycol monooctyl ethers,Phosphorodithioic acid. mixed O.O-diesters with polyethylene glycol monodecyl and polyethylene glycol monooctyl ethers,Phosphorodithioic Acid. Mixed O.O-Diesters With Polyethylene Glycol Monodecyl And Polyethylene Glycol Monooctyl Ethers
18249-20-2,poly(oxy-1.2-ethanediyl). .alpha.-[4-(1.1-dimethylethyl)phenyl]-.omega.-hydroxy-,Poly(oxy-1.2-ethanediyl). .alpha.-[4-(1.1-dimethylethyl)phenyl]-.omega.-hydroxy-,Poly(Oxy-1.2-Ethanediyl). .Alpha.-[4-(1.1-Dimethylethyl)Phenyl]-.Omega.-Hydroxy-
68990-47-6,fatty acids. tall oil. w diethylenetriamine. maleic anhydride. tetraethylenepentamine and triethylenetramine,Fatty acids. tall oil. w diethylenetriamine. maleic anhydride. tetraethylenepentamine and triethylenetramine,Fatty Acids. Tall Oil. W Diethylenetriamine. Maleic Anhydride. Tetraethylenepentamine And Triethylenetramine
68648-89-5,styrenic block copolymer,Styrenic Block Copolymer,Styrenic Block Copolymer
68439-54-3,alcohol. c11-13 branched. ethoxylated,Alcohol. C11-13 branched. ethoxylated,Alcohol. C11-13 Branched. Ethoxylated
147170-44-3,fatty quaternary amine,Fatty quaternary amine,Fatty Quaternary Amine
64475-85-0,mineral spirits,Mineral Spirits,Mineral Spirits
9003-06-9,poly(acrylamide-co-acrylic acid),Poly(acrylamide-co-acrylic acid),Poly(Acrylamide-Co-Acrylic Acid)
12291-65-5,colemite,Colemite,Colemite
16389-88-1,dolomite (camg(co3)2),Dolomite (CaMg(CO3)2),Dolomite (Camg(Co3)2)
124-64-1,tetrakis(hydroxymethyl) phosphonium chloride,Tetrakis(hydroxymethyl) phosphonium chloride,Tetrakis(Hydroxymethyl) Phosphonium Chloride
5329-14-6,sulfamic acid,Sulfamic acid,Sulfamic Acid
120962-03-0,canola oil,Canola Oil,Canola Oil
3454143,organic nitrogen compound,Organic nitrogen compound,Organic Nitrogen Compound
61791-38-6,alkyl imidazoline,Alkyl imidazoline,Alkyl Imidazoline
3363066,alcohol,Alcohol,Alcohol
69430-35-9,hydrocarbons. c6-20 polymers. hydrogenated,Hydrocarbons. C6-20 polymers. hydrogenated,Hydrocarbons. C6-20 Polymers. Hydrogenated
0000077-92-9,citric acid,Citric acid,Citric Acid
0027176-87-0,las,LAS,Las
110-26-9,2-propenamid (impurity),2-Propenamid (impurity),2-Propenamid (Impurity)
141-27-5,2.6-octadienal. 3.7-dimethyl-. (2e)-,2.6-Octadienal. 3.7-dimethyl-. (2E)-,2.6-Octadienal. 3.7-Dimethyl-. (2E)-
0009003-05-8,polyacrylamide,Polyacrylamide,Polyacrylamide
0000107-21-1,ethane-1.2-diol,Ethane-1.2-diol,Ethane-1.2-Diol
3573808,slickfix,slickfix,Slickfix
37288-54-3,mannanase. endo-1.4-b-,Mannanase. endo-1.4-b-,Mannanase. Endo-1.4-B-
3657372,nitrogenous base proprietary,Nitrogenous Base proprietary,Nitrogenous Base Proprietary
68213-23-0,alcohols. c12-18. ethoxylated,Alcohols. C12-18. ethoxylated,Alcohols. C12-18. Ethoxylated
